inf/bello=bello
inf/dax=dax
inf/cottin=cottin
inf/demaille=demaille
inf/demeure=demeure
inf/dupouy=dupouy
inf/dupuy=dupuy
inf/finger=finger
inf/gadret=gadret
inf/gasperon=gasperon
inf/grumbach=grumbach
inf/leruyet=leruyet
inf/mouret=mouret
inf/pautet=pautet
inf/picouet=picouet
inf/potier=potier
inf/rajman=rajman
inf/saglio=saglio
inf/tardieu=tardieu
inf/vercken=vercken
inf/vignes=vignes
inf/yvon=yvon
inf/fenyo=fenyo
inf/glazman=glazman
inf/register=register
inf/philipp=philipp
enst/MAILER-DAEMON=mailer-daemon
enst/Postmaster=Postmaster
